timestamp,model,prompt_id,category,prompt_text,response_text,time_to_first_token_ms,total_latency_ms,tokens_generated,tokens_per_sec,ram_before_mb,ram_after_mb,ram_delta_mb,quality_score,quality_reason
2026-03-26T02:31:25.936954,llama3,r1,reasoning,"If a train travels 60 km in 45 minutes, what is its speed in km/h? Show your working step by step.","A classic problem! Let's break it down step by step.

Given:

* Distance traveled: 60 km
* Time taken: 45 minutes

Step 1: Convert time from minutes to hours
There are 60 minutes in an hour, so:
45 minutes = 0.75 hours (since 45 ÷ 60 = 0.75)

Step 2: Calculate the speed
Speed = Distance / Time
= 60 km / 0.75 hours

Step 3: Simplify the fraction (if necessary)
The numerator and denominator can be divided by their greatest common divisor, which is 15:

= (60 ÷ 15) km / (0.75 ÷ 15) hours
= 4 km / 0.05 hours

So, the train's speed is:
4 km / 0.05 hours = 80 km/h

Therefore, the train travels at a speed of 80 km per hour.",71912.6,100812.8,156,1.55,52.2,52.3,0.0,5,The answer correctly calculates and explains each step to find the speed in km/h.
2026-03-26T02:31:59.793201,llama3,r2,reasoning,A farmer has 17 sheep. All but 9 die. How many sheep does the farmer have left? Explain your reasoning.,"A classic lateral thinking puzzle!

Let's break it down:

The farmer starts with 17 sheep.
All but 9 die, which means that 17 - x = 9, where x is the number of sheep that died.

To find out how many sheep died, we can subtract 9 from 17: 17 - 9 = 8.

So, 8 sheep died. That leaves... 9 sheep alive!

Therefore, the farmer has 9 sheep left.",12458.2,25495.4,84,3.29,52.2,30.0,-22.3,5,The response directly addresses the question and provides a clear explanation of how to arrive at the correct number of remaining sheep.
2026-03-26T02:33:53.908545,llama3,r3,reasoning,You have a 3-litre jug and a 5-litre jug. How do you measure exactly 4 litres of water? List each step.,"A classic problem! Here's the solution:

**Step 1: Fill the 5-litre jug completely**

Fill the 5-litre jug with water, so it's full.

**Step 2: Pour from the 5-litre jug into the 3-litre jug**

Pour some of the water from the 5-litre jug into the 3-litre jug until the 3-litre jug is full. This will leave 2 litres remaining in the 5-litre jug.

**Step 3: Empty the 3-litre jug and fill it again from the 5-litre jug**

Empty the water from the 3-litre jug, then fill it again with water from the 5-litre jug. This will add another litre to the 3-litre jug, making a total of 3 litres in the 3-litre jug.

**Step 4: Pour some water from the 3-litre jug back into the 5-litre jug**

Pour some of the water from the 3-litre jug (now containing 3 litres) back into the 5-litre jug until the 5-litre jug is full, with exactly 1 litre remaining in the 3-litre jug.

**Step 5: Measure the 4 litres**

The combined amount of water in both jugs is now:

* 5-litre jug: 5 litres
* 3-litre jug: 1 litre

Add these amounts together to get a total of exactly 6 litres. However, we want 4 litres, so... empty the excess water from the 5-litre jug into the sink or another container, leaving you with exactly 4 litres in the 3-litre jug!

Voilà!",12216.6,61464.6,307,4.99,30.0,28.1,-1.9,2,The solution provided contains a factual error and does not lead to measuring exactly 4 litres.
2026-03-26T02:34:41.810548,llama3,r4,reasoning,"What comes next in this sequence: 2, 6, 12, 20, 30, ___? Explain the pattern.","A nice simple sequence!

The pattern appears to be adding 4, then 6, then 8, and so on, incrementing by 2 each time.

Here's how it works:

* Start with 2
* Add 4: 2 + 4 = 6
* Add 6 (which is 2 more than the previous addition): 6 + 6 = 12
* Add 8 (which is 2 more than the previous addition): 12 + 8 = 20
* Add 10 (which is 2 more than the previous addition): 20 + 10 = 30

So, to continue the sequence:

* Add 12 (which is 2 more than the previous addition): 30 + 12 = 42

Therefore, the next number in the sequence would be: **42**",11835.2,35424.6,133,3.75,28.2,20.5,-7.6,5,The answer correctly identifies and explains the pattern of adding consecutive even numbers starting from 4 to find the next term in the sequence.
2026-03-26T02:35:16.181721,llama3,r5,reasoning,"If it takes 5 machines 5 minutes to make 5 widgets, how long does it take 100 machines to make 100 widgets?","A classic lateral thinking puzzle!

The answer is not 100 minutes, as one might initially think. The key insight here is that the number of machines and the number of widgets are directly proportional.

If 5 machines can make 5 widgets in 5 minutes, then:

* Each machine takes 5 minutes to make 1 widget.
* 100 machines will also take 5 minutes to make 1 widget each.

Since there are 100 widgets, it will still take 5 minutes for 100 machines to make all 100 widgets.",12191.7,25838.1,117,4.53,20.6,17.8,-2.7,5,The response directly addresses and correctly solves the question without errors.
2026-03-26T02:35:48.044471,llama3,s1,summarisation,"Summarise the following in exactly 3 sentences:

Machine learning is a subset of artificial intelligence that enables systems to learn and improve from experience without being explicitly programmed. ","Here is a summary of the text in exactly 3 sentences:

Machine learning is a subset of artificial intelligence that enables systems to learn and improve from experience without explicit programming. It involves developing computer programs that can access data, identify patterns, and make decisions based on that information. The ultimate goal of machine learning is for computers to learn automatically and adjust their actions accordingly, without human intervention.",12550.4,22855.4,117,5.12,17.9,15.3,-2.6,5,The summary accurately captures all key points from the original text in a concise manner.
2026-03-26T02:36:23.513720,llama3,s2,summarisation,"Summarise the following in exactly 3 sentences:

The Internet of Things (IoT) describes physical objects with sensors, processing ability, software and other technologies that connect and exchange dat","Here is a summary of the text in exactly 3 sentences:

The Internet of Things (IoT) refers to physical objects that are equipped with sensors, processing ability, software, and connectivity, allowing them to exchange data with other devices and systems over the internet or networks. IoT extends internet connectivity beyond traditional devices like computers and smartphones to everyday objects, giving them the ability to communicate and interact online. These connected devices can be remotely monitored and controlled, enabling new forms of interaction and automation.",12239.0,26879.0,143,5.32,15.5,14.7,-0.8,5,"The summary is correct, complete, well-structured, directly addressesing all key points from the original text."
2026-03-26T02:36:54.374871,llama3,s3,summarisation,"Summarise the following in exactly 3 sentences:

Quantum computing is a type of computation that harnesses collective properties of quantum states, such as superposition, interference, and entanglemen","Here is a summary of the text in exactly 3 sentences:

Quantum computing uses the unique properties of quantum states, such as superposition and entanglement, to perform calculations. Quantum computers are devices that execute these quantum computations. They have the potential to solve certain problems much faster than classical computers, making them a significant area of study within quantum information science.",12096.3,22016.4,104,4.72,14.8,13.2,-1.5,5,The summary is correct and complete as it directly addresses all key points from the original text in three well-structured sentences.
2026-03-26T02:37:25.201328,llama3,s4,summarisation,"Summarise the following in exactly 3 sentences:

Docker is a set of platform as a service products that use OS-level virtualisation to deliver software in packages called containers. Containers are is","Here is a summary of the text in exactly 3 sentences:

Docker is a platform that uses OS-level virtualization to deliver software in packages called containers. Containers are isolated from each other and bundle their own software, libraries, and configuration files, allowing them to communicate through defined channels. Docker's use of a single operating-system kernel makes it more lightweight than traditional virtual machines.",11930.1,22215.9,108,4.86,13.3,12.5,-0.8,5,The summary is correct and complete as it directly addresses all key points from the original text in a well-structured manner.
2026-03-26T02:38:02.356776,llama3,s5,summarisation,"Summarise the following in exactly 3 sentences:

Retrieval-Augmented Generation (RAG) is a technique that grants generative artificial intelligence models information retrieval capabilities. It modifi","Here is a summary of the text in exactly 3 sentences:

Retrieval-Augmented Generation (RAG) is a technique that enables generative AI models to retrieve information from specified documents in response to user queries. This modification allows the model to preferentially use retrieved information over its own training data, resulting in more accurate and up-to-date answers. RAG also enables LLMs to cite sources, reducing the likelihood of hallucinations.",13266.9,28950.2,114,3.94,12.5,12.3,-0.2,5,The summary is correct and complete as it directly addresses all aspects of RAG in three sentences.
2026-03-26T02:38:42.161791,llama3,c1,code,"Write a Python function called `is_palindrome(s)` that returns True if a string is a palindrome, False otherwise. Include 3 example calls.","Here is the Python function:
```
def is_palindrome(s):
    return s == s[::-1]
```
And here are three example calls:

```
print(is_palindrome(""radar""))  # True
print(is_palindrome(""hello""))  # False
print(is_palindrome(""madam""))  # True
```

Explanation: The function `is_palindrome(s)` checks if the input string `s` is equal to its reverse (`s[::-1]`). If they are equal, then `s` is a palindrome.",13354.2,27302.0,99,3.63,12.4,12.1,-0.3,5,The function correctly implements the logic for checking if a string is a palindrome and includes three example calls demonstrating its use.
2026-03-26T02:39:41.308571,llama3,c2,code,"Write a Python function called `flatten(lst)` that takes a nested list like [[1,2],[3,[4,5]]] and returns a flat list [1,2,3,4,5]. Use recursion.","Here is a Python function that uses recursion to flatten a nested list:
```
def flatten(lst):
    result = []
    for item in lst:
        if isinstance(item, list):
            result.extend(flatten(item))
        else:
            result.append(item)
    return result
```
Here's an explanation of how the function works:

1. We initialize an empty list `result` that will store the flattened elements.
2. We iterate over each item in the input list `lst`.
3. If the item is a list itself, we recursively call the `flatten` function on it and extend the `result` list with the returned values using the `extend` method.
4. If the item is not a list (i.e., it's a single element), we simply append it to the `result` list using the `append` method.
5. Finally, we return the flattened `result` list.

Here's an example usage:
```
>>> lst = [[1, 2], [3, [4, 5]]]
>>> flatten(lst)
[1, 2, 3, 4, 5]
```
I hope this helps! Let me know if you have any questions.",12500.6,50696.8,239,4.71,12.1,12.8,0.8,5,The provided Python function correctly implements a recursive solution to flatten nested lists and includes an explanation of how it works.
2026-03-26T02:40:57.228876,llama3,c3,code,"Write a Python class called `Stack` with push(), pop(), peek(), and is_empty() methods. Add a short docstring to each method.","Here's the implementation of the `Stack` class in Python:

```Python
class Stack:
    def __init__(self):
        """"""Initialize an empty stack.""""""
        self.stack = []

    def push(self, item):
        """"""
        Push an item onto the top of the stack.

        Args:
            item: The item to be pushed.
        Returns:
            None
        """"""
        self.stack.append(item)

    def pop(self):
        """"""
        Remove and return the top item from the stack. If the stack is empty, raise a ValueError.

        Returns:
            The popped item.
        Raises:
            ValueError: If the stack is empty.
        """"""
        if not self.is_empty():
            return self.stack.pop()
        else:
            raise ValueError(""Stack is empty"")

    def peek(self):
        """"""
        Return the top item from the stack. If the stack is empty, raise a ValueError.

        Returns:
            The top item.
        Raises:
            ValueError: If the stack is empty.
        """"""
        if not self.is_empty():
            return self.stack[-1]
        else:
            raise ValueError(""Stack is empty"")

    def is_empty(self):
        """"""Check if the stack is empty.""""""
        return len(self.stack) == 0
```

You can use this class to create a stack and perform push, pop, peek, and check for emptiness operations. For example:

```Python
s = Stack()
print(s.is_empty())  # True

s.push(1)
s.push(2)
s.push(3)

print(s.peek())  # 3
print(s.pop())  # 3
print(s.is_empty())  # False

s.pop()
s.pop()

print(s.is_empty())  # True
try:
    s.pop()
except ValueError as e:
    print(e)  # Stack is empty
```",12853.0,64886.8,410,6.32,12.9,13.0,0.1,5,"The provided Python class implementation for `Stack` correctly defines all required methods (`push`, `pop`, `peek`, and `is_empty`) along with appropriate docstrings that clearly explain their functionality."
2026-03-26T02:41:32.674470,llama3,c4,code,"Find the bug in this Python code and fix it:

def calculate_average(numbers):
    total = 0
    for n in numbers:
        total =+ n
    return total / len(numbers)

print(calculate_average([10, 20, 3","The bug is in the line `total =+ n`. It should be `total += n`.

In Python, the operator `+=` is used to add a value to a variable and assign the result back to that variable. The code as it stands will actually set `total` to `n`, not add `n` to `total`.

Here's the corrected code:

```
def calculate_average(numbers):
    total = 0
    for n in numbers:
        total += n
    return total / len(numbers)

print(calculate_average([10, 20, 30]))
```",12170.3,26669.1,112,4.2,13.0,12.1,-0.9,5,"The response correctly identifies and fixes the bug in the code by replacing 'total =+ n' with 'total += n', providing a complete solution."
2026-03-26T02:43:01.091772,llama3,c5,code,Write a Python function called `word_frequency(text)` that takes a string and returns a dictionary of each word and how many times it appears. Make it case-insensitive.,"Here is a Python function that does what you described:
```
def word_frequency(text):
    """"""
    Returns a dictionary of each word (case-insensitive) and its frequency in the input text.
    """"""
    words = text.lower().split()
    freq_dict = {}
    for word in words:
        if word:  # ignore empty strings
            freq_dict[word] = freq_dict.get(word, 0) + 1
    return freq_dict
```
Here's an explanation of the code:

1. We convert the input text to lowercase using the `lower()` method, so that we can ignore case when counting word frequencies.
2. We split the text into individual words using the `split()` method, which splits on whitespace characters by default.
3. We create an empty dictionary `freq_dict` to store the word frequencies.
4. We iterate over each word in the list of words. For each word:
	* We check if the word is not empty (i.e., it's a real word). If it is, we ignore it.
	* We use the `get()` method to retrieve the current frequency for this word from the dictionary. If the word is not already in the dictionary, `get()` returns 0 by default.
	* We increment the frequency by 1 and update the dictionary with the new value.
5. Finally, we return the completed frequency dictionary.

You can test this function with a sample text, like this:
```
text = ""This is a test sentence. This sentence is also a test.""
print(word_frequency(text))
```
This should output something like:
```
{'this': 2, 'is': 2, 'a': 2, 'test': 2, 'sentence': 2, 'also': 1}
```
Let me know if you have any questions or need further clarification!",12420.5,64962.8,389,5.99,12.1,11.0,-1.2,5,The provided Python function is correct and complete; it accurately counts word frequencies in a case-insensitive manner without errors.
2026-03-26T02:43:44.206188,mistral,r1,reasoning,"If a train travels 60 km in 45 minutes, what is its speed in km/h? Show your working step by step.","To find the speed of the train, we first need to determine how many hours it took for the train to travel 60 kilometers.

We know that:
1 hour = 60 minutes

So,
45 minutes = 45 / 60 hours = 0.75 hours

Now that we have the time taken (0.75 hours), we can calculate the speed using the formula Speed = Distance / Time:

Speed = 60 km / 0.75 hours = 80 km/h

So, the speed of the train is 80 kilometers per hour.",20999.0,34843.2,102,2.93,11.0,10.6,-0.4,5,The answer correctly calculates and explains how to find the speed in km/h.
2026-03-26T02:44:09.335293,mistral,r2,reasoning,A farmer has 17 sheep. All but 9 die. How many sheep does the farmer have left? Explain your reasoning.,"Let's break this down:

1. The question states that a farmer starts with 17 sheep.
2. Then it says ""All but 9 die,"" which means every sheep dies except for 9.
3. So, if all the other sheep have died and only 9 are left alive, then the farmer has 9 sheep left.",9025.3,16395.9,65,3.96,10.6,10.6,0.0,5,"The response directly addresses the question by identifying that if all but 9 of the original 1 end up dead, then there are exactly 9 sheep left."
2026-03-26T02:45:52.539558,mistral,r3,reasoning,You have a 3-litre jug and a 5-litre jug. How do you measure exactly 4 litres of water? List each step.,"Here's a step-by-step guide to measuring exactly 4 liters of water using a 3-liter jug and a 5-liter jug:

1. Fill the 5-liter jug completely (5 liters).
2. Pour the entire content from the 5-liter jug into the 3-liter jug. This leaves you with 2 liters in the 5-liter jug (since the 3-liter jug is now full).
3. Empty the 3-liter jug.
4. Fill the 3-liter jug again from the 5-liter jug (since there are still 3 liters in it).
5. Pour the water from the 3-liter jug back into the 5-liter jug. Now, the 5-liter jug has 6 liters of water (the original 3 liters plus the additional 3 liters).
6. Pour exactly 2 liters from the 5-liter jug back into the 3-liter jug (since there are now 8 liters in the 5-liter jug, and you want to empty it down to 6 liters first before getting the desired 4 liters). This leaves you with a full 3-liter jug and 4 liters remaining in the 5-liter jug.
7. Empty the 3-liter jug again.
8. Pour the exact amount of water from the 5-liter jug (4 liters) into the 3-liter jug, which will now contain exactly 4 liters of water.",9546.9,46400.3,262,5.65,10.6,10.7,0.1,5,The provided steps are correct and complete; they lead to measuring precisely 4 liters without any errors.
2026-03-26T02:46:20.398607,mistral,r4,reasoning,"What comes next in this sequence: 2, 6, 12, 20, 30, ___? Explain the pattern.","The given sequence seems to be increasing by increments of 4 each time.

So, if we continue this pattern:

2 + 4 = 6
6 + 4 = 12
12 + 4 = 20
20 + 4 = 30

To find the next number, we add 4 to the last number in the sequence:

30 + 4 = 34

So, the next number in the sequence is 34.",10162.6,19499.2,70,3.59,10.7,10.7,0.0,2,
2026-03-26T02:47:00.447084,mistral,r5,reasoning,"If it takes 5 machines 5 minutes to make 5 widgets, how long does it take 100 machines to make 100 widgets?","Since each machine produces one widget in 5 minutes, with 100 machines working simultaneously, they can complete 100 widgets in the same amount of time, which is 5 minutes. This is because the number of widgets produced is proportional to the number of machines, and the time remains constant as each machine takes the same amount of time to produce one widget.",9439.3,16797.8,90,5.36,10.8,10.8,0.0,5,The answer correctly applies the concept that if more machines are working simultaneously without changing the rate at extraneous details.
2026-03-26T02:47:36.739528,mistral,s1,summarisation,"Summarise the following in exactly 3 sentences:

Machine learning is a subset of artificial intelligence that enables systems to learn and improve from experience without being explicitly programmed. ","Machine learning is a branch of artificial intelligence that allows systems to learn and improve without explicit programming, focusing on creating programs that can analyze data to find patterns and make informed decisions. It starts with observations or data, which the computer uses to identify trends and make future improvements. The ultimate goal is for computers to learn autonomously, adjusting actions based on new information, minimizing human intervention.",10008.3,17574.7,117,6.66,10.8,10.1,-0.7,5,The answer directly addresses all aspects of machine learning as described in the original text and is well-structured.
2026-03-26T02:48:01.715550,mistral,s2,summarisation,"Summarise the following in exactly 3 sentences:

The Internet of Things (IoT) describes physical objects with sensors, processing ability, software and other technologies that connect and exchange dat","The Internet of Things (IoT) refers to everyday objects equipped with sensors, software, and connectivity that enable them to collect and exchange data over the internet, extending beyond traditional devices like computers and smartphones. These 'smart' devices communicate and interact via the internet, allowing for remote monitoring and control. IoT aims to transform various industries by integrating physical systems into digital networks.",9947.0,16786.8,111,6.61,10.1,9.8,-0.3,4,The response accurately summarizes key aspects of IoT but includes unnecessary detail about industry transformation.
2026-03-26T02:48:42.972239,mistral,s3,summarisation,"Summarise the following in exactly 3 sentences:

Quantum computing is a type of computation that harnesses collective properties of quantum states, such as superposition, interference, and entanglemen","Quantum computing utilizes collective quantum properties like superposition, interference, and entanglement for faster computation. Known as quantum computers, these devices are expected to solve specific complex problems more efficiently compared to traditional computers. Quantum computing falls under the broader discipline of quantum information science.",10412.1,15080.6,89,5.9,9.8,9.8,0.0,5,The answer is correct and complete; it directly addresses all parts of the question in a well-structured manner.
2026-03-26T02:49:20.379253,mistral,s4,summarisation,"Summarise the following in exactly 3 sentences:

Docker is a set of platform as a service products that use OS-level virtualisation to deliver software in packages called containers. Containers are is","Docker is a platform that utilizes OS-level virtualization to create lightweight, portable software packages called containers. These self-contained units include their own software, libraries, and configuration files, running isolated from each other but communicating through defined channels. Unlike virtual machines, Docker containers all operate under the same operating system kernel, making them more efficient.",9470.5,16934.1,104,6.14,9.8,9.6,-0.2,5,The answer is correct and complete as it directly addresses each point from the original text in a concise manner.
2026-03-26T02:49:58.030287,mistral,s5,summarisation,"Summarise the following in exactly 3 sentences:

Retrieval-Augmented Generation (RAG) is a technique that grants generative artificial intelligence models information retrieval capabilities. It modifi","Retrieval-Augmented Generation (RAG) is a method that equips AI language models with document retrieval capabilities, enabling them to respond to user queries based on a specified set of documents rather than solely relying on their own training data. This results in more accurate, up-to-date responses and sourced citations from the documents, effectively reducing instances of hallucinations in LLMs (large language models).",10048.1,18370.2,107,5.82,9.7,9.4,-0.2,5,The response accurately summarizes RAG's purpose and benefits without any factual errors or omissions.
2026-03-26T02:50:32.886981,mistral,c1,code,"Write a Python function called `is_palindrome(s)` that returns True if a string is a palindrome, False otherwise. Include 3 example calls.","Here's the implementation of the `is_palindrome()` function in Python:

```python
def is_palindrome(s):
    s = s.lower().replace(' ', '')
    return s == s[::-1]

# Example calls
print(is_palindrome(""racecar""))  # True
print(is_palindrome(""hello""))   # False
print(is_palindrome(""A man a plan a canal Panama""))  # True
```

In this function, we first convert the input string to lowercase and remove any spaces. Then we check if the reversed version of the string is equal to the original string. If it is, then the string is a palindrome; otherwise, it's not.",9582.5,26565.9,140,5.27,9.5,9.2,-0.2,5,The function correctly implements the logic for checking if a string is a palindrome and includes example calls demonstrating its use.
2026-03-26T02:51:14.249981,mistral,c2,code,"Write a Python function called `flatten(lst)` that takes a nested list like [[1,2],[3,[4,5]]] and returns a flat list [1,2,3,4,5]. Use recursion.","Here's a Python function named `flatten()` that takes a nested list and returns a flattened list using recursion:

```python
def flatten(lst):
    result = []

    def recurse(sub_list):
        for item in sub_list:
            if isinstance(item, list):
                recurse(item)
            else:
                result.append(item)

    for item in lst:
        if isinstance(item, list):
            recurse(item)
        else:
            result.append(item)

    return result
``
Using this function, the example nested list [[1,2],[3,[4,5]]] would be flattened to [1, 2, 3, 4, 5].",9217.5,31202.9,148,4.74,9.3,9.3,0.1,5,The provided Python function correctly implements a recursive solution for flattening nested lists and directly addresses the question.
2026-03-26T02:52:27.318079,mistral,c3,code,"Write a Python class called `Stack` with push(), pop(), peek(), and is_empty() methods. Add a short docstring to each method.","Here's a simple implementation of a Stack class in Python using a list as the underlying data structure:

```python
class Stack:
    def __init__(self):
        self.items = []

    def push(self, item):
        """"""Add an item to the stack""""""
        self.items.append(item)

    def pop(self):
        """"""Remove and return the top item from the stack""""""
        if not self.is_empty():
            return self.items.pop()

    def peek(self):
        """"""Return the top item from the stack without removing it""""""
        if not self.is_empty():
            return self.items[-1]

    def is_empty(self):
        """"""Check if the stack is empty""""""
        return len(self.items) == 0
```

You can use this class as follows:

```python
stack = Stack()
stack.push(1)
stack.push(2)
stack.push(3)
print(stack.peek())  # Outputs: 3
print(stack.pop())   # Outputs: 3
print(stack.peek())  # Outputs: 2
```",11113.8,49368.0,224,4.54,9.4,9.4,0.0,5,The provided Python class implementation is correct and complete; it includes all requested methods with appropriate docstrings.
2026-03-26T02:52:58.872785,mistral,c4,code,"Find the bug in this Python code and fix it:

def calculate_average(numbers):
    total = 0
    for n in numbers:
        total =+ n
    return total / len(numbers)

print(calculate_average([10, 20, 3","The issue with your code is the incorrect use of the assignment operator (`=`) instead of the addition operator (`+=`) inside the for loop. Here's the corrected version:

```python
def calculate_average(numbers):
    total = 0
    for n in numbers:
        total += n
    return total / len(numbers)

print(calculate_average([10, 20, 30]))
```

In your original code, the `total =+ n` line means that you are assigning the value of `n` to `total`, effectively overwriting the previous total for each iteration in the loop. The corrected version adds `n` to the `total` for each iteration instead.",9268.4,23679.6,149,6.29,9.3,9.3,-0.0,5,The response directly addresses and fixes the bug by correcting the assignment operator usage.
2026-03-26T02:54:23.052622,mistral,c5,code,Write a Python function called `word_frequency(text)` that takes a string and returns a dictionary of each word and how many times it appears. Make it case-insensitive.,"Here's a Python function called `word_frequency()` that takes a string as an argument, converts it to lowercase to make it case-insensitive, removes any non-alphanumeric characters and punctuation, and returns a dictionary of each unique word and its frequency in the input text:

```python
import re

def word_frequency(text):
    # Remove non-alphanumeric characters and punctuation
    cleaned_text = re.sub(r'\W+', ' ', text).lower()

    # Split the text into words and count their frequencies
    word_count = {}
    for word in cleaned_text.split():
        if word not in word_count:
            word_count[word] = 0
        word_count[word] += 1

    return word_count
```

You can test the function with the following example:

```python
text = ""The quick brown fox jumps over the lazy dog. It barked at night.""
result = word_frequency(text)
print(result)  # {'the': 2, 'quick': 1, 'brown': 1, 'fox': 1, 'jumps': 1, 'over': 1, 'lazy': 1, 'dog': 1, 'it': 2, 'barked': 1, 'at': 1, 'night': 1}
```",9543.9,39333.2,251,6.38,9.3,9.4,0.0,5,The provided Python function `word_frequency` is correct and complete as it accurately counts word frequencies in a case-insensitive manner while removing punctuation.
2026-03-26T02:54:52.108344,phi3:mini,r1,reasoning,"If a train travels 60 km in 45 minutes, what is its speed in km/h? Show your working step by step.","Step 1: Identify the given information - distance = 60km and time = 45minutes
Distance covered (D) = 60 km
Time taken (T) = 45 minutes

Step 2: Convert T from minutes to hours, since speed is typically measured in kilometers per hour. There are 60 minutes in an hour so we divide the time by this value.
Time in hours = Time in minutes / 60
= 45 min / 60 = 0.75 hours

Step 3: Use the formula for speed which is Speed = Distance/Time to find out the train's speed, where distance (D) remains as it was and time(T) has been converted into hours in step2 above. Hence;
Speed= D/T
=60km / 0.75hours
=80 km/h
Hence, if a train travels 60 km in 45 minutes its speed is approximately 80 km/hr (kilometers per hour).",214.0,12886.5,177,13.74,9.4,9.5,0.0,5,The response correctly calculates and explains each step to find out the train's speed in kilometers per hour.
2026-03-26T02:54:57.112627,phi3:mini,r2,reasoning,A farmer has 17 sheep. All but 9 die. How many sheep does the farmer have left? Explain your reasoning.,"The question states that ""All but 9 die."" This means that out of all the sheep, only nine are still alive. The rest of them died. So even though we started with 17 sheep in total, now there are just 9 remaining since they're the ones not included in those who have 'died'.",197.1,2940.1,68,23.13,9.5,9.5,0.0,5,The response directly addresses the question and provides a clear explanation without any factual errors.
2026-03-26T02:55:32.071301,phi3:mini,r3,reasoning,You have a 3-litre jug and a 5-litre jug. How do you measure exactly 4 litres of water? List each step.,"1. Fill the 5-liter jug completely to its maximum capacity with water from your source (e.g., tap, river or container).
2. Carefully pour water from the 5-litre jug into the 3-litre jug until it is full. This will leave you with exactly 2 litres in the 5-litre jug since 5 - 3 = 2.
3. Empty out the 3-litre jug completely, leaving it empty again for further use. We now have a full 3-litre jar and an additional 2 litres left over from our original pour in the larger container.
4. Pour these remaining 2 litres into your final target container (e.g., another bucket or bottle). Now, you've got exactly 2 litres of water measured out correctly without any spillage if done carefully.
5. Fill up the empty 3-litre jug from the source again to its maximum capacity as before and then pour it into your target container (with the already existing 2 litres). This will result in a total volume inside this final recipient of exactly 5 litres, which is now correct for our goal.
6. Once more empty out all water by filling up back with fresh source again to start over if needed or store it as required elsewhere since we have already achieved the desired measurement using these two jugs without needing extra steps when done correctly and carefully!",176.1,13319.5,311,23.35,9.5,9.6,0.0,2,The answer includes unnecessary repetition of filling containers from source which is not required to measure out exactly 4 litres.
2026-03-26T02:56:16.243464,phi3:mini,r4,reasoning,"What comes next in this sequence: 2, 6, 12, 20, 30, ___? Explain the pattern.","The given series follows a simple mathematical rule where each number is obtained by adding consecutive even numbers to an initial value of 2. Let's break it down:

- We start with 2 (which can be thought as 1+1).
- The next term, 6, comes from the sum of first three natural numbers excluding zero i.e., 1 + 2 + 3 = 6; alternatively, we could think it is obtained by adding four to our initial value:  2 (initial) + 4 (next even number after two).
- For subsequent terms like 12 and so on, the pattern continues in a similar fashion. We're essentially summing up consecutive natural numbers starting from one at each step but skipping an additional count as we move forward due to adding that extra next even number:  2 + (3+4) = 9 for the third term; then add six after two, and so on...
- The sequence thus far can be described by this formula n(n+1), where each term is derived from multiplying a natural number 'n' with its successor. In simpler terms: Tn=2 + (sum of first n positive integers). 

Following the pattern for the next missing value, we add together six consecutive numbers starting at one and then adding ten to our initial count of two which gives us fifty-two as a result:  52 = 1+2+3+4+5+6 + (initial number)+ten. Hence, using this rule or formula Tn=n(n+1), the next term in sequence would be 52*(7)=364
So, the missing value is **364** and it represents sum of first seven positive integers plus initial two:  364 = (sum of numbers from one to seventh) + 2.",394.6,16378.9,370,22.59,9.6,9.6,0.0,5,The response correctly identifies and explains a mathematical pattern in the sequence by applying an appropriate formula.
2026-03-26T02:56:57.375361,phi3:mini,r5,reasoning,"If it takes 5 machines 5 minutes to make 5 widgets, how long does it take 100 machines to make 100 widgets?","To solve this problem, we need to understand the concept of ""machines-minutes"" which is a way to express the amount of work done by multiple machines in a given time. If 5 machines can produce 5 widgets in 5 minutes, it means that each machine produces one widget in 5 minutes (since they all are working simultaneously).

Now, if we have 100 machines and want them to also make 100 widgets, since every single machine works independently of the others just like with the original scenario:

Each machine will still produce its own widget. Therefore, it would take each individual machine exactly 5 minutes to complete their respective widget (since that's what one machine can do). With all machines working at once under these conditions, we could say they collectively finish producing 100 widgets in the same timeframe of 5 minutes because every machine is making a separate widget.

It’thus takes just as much time - five minutes - for 100 machines to make 100 widgets if each one works independently and at their own constant rate, no matter how many there are in total.",293.2,9665.7,269,27.83,9.7,9.7,0.0,5,The answer correctly applies the concept of 'machines-minutes' to explain that each machine works independently and takes the same time as before regardless of the number of machines.
2026-03-26T02:57:05.077193,phi3:mini,s1,summarisation,"Summarise the following in exactly 3 sentences:

Machine learning is a subset of artificial intelligence that enables systems to learn and improve from experience without being explicitly programmed. ","Machine learning empowers systems within artificial intelligence to autonomously enhance their performance through experience by identifying patterns, thereby minimizing reliance on direct programming for decision-making processes; this self-improvement is based soleriesly on the system's interaction with data which could be examples or prior knowledge. As such, machine learning endeavors to create intelligent systems capable of independent pattern recognition and action adjustment without human input. The overarching goal herein lies in fostering computers that can evolve their operational strategies by continuously leveraging new information for more accurate future predictions and decisions.",316.6,5091.1,175,34.37,9.7,9.7,0.0,5,The response accurately summarizes machine learning's role in AI as an autonomous self-improving system through pattern recognition without human intervention.
2026-03-26T02:57:12.083451,phi3:mini,s2,summarisation,"Summarise the following in exactly 3 sentences:

The Internet of Things (IoT) describes physical objects with sensors, processing ability, software and other technologies that connect and exchange dat","The Internet of Things (IoT) is a concept that encompasses physical items equipped with sensors, processing capabilities, software, or other technologies which enable them to collect and exchange data via the internet or communication networks. These traditionally non-internet enabled devices are connected through embedded technology allowing remote monitoring and control when linked over an online network. As such IoT extends beyond standard computing equipment into a wider array of physical objects in daily life, expanding its influence across various sectors.",429.3,4527.9,142,31.36,9.8,9.7,-0.1,5,"The response accurately and concisely summarizes IoT's definition, scope, and impact in three sentences."
2026-03-26T02:57:16.940277,phi3:mini,s3,summarisation,"Summarise the following in exactly 3 sentences:

Quantum computing is a type of computation that harnesses collective properties of quantum states, such as superposition, interference, and entanglemen","Quantum computing utilizes collective properties like superposition, interference and entanglement in the realm of quantum states to execute calculations at an accelerated pace compared to traditional systems. These devices are identified as 'quantum computers.' The study field for these advanced technologies is a segment within quantum information science.",213.4,2633.6,89,33.79,9.7,9.7,0.0,5,The answer correctly and concisely summarizes all key points from the original text in three sentences without any errors.
2026-03-26T02:57:24.279833,phi3:mini,s4,summarisation,"Summarise the following in exactly 3 sentences:

Docker is a set of platform as a service products that use OS-level virtualisation to deliver software in packages called containers. Containers are is","Docker is a platform that provides OS-level virtualisation in the form of ""containers,"" allowing software to be packaged together with its own libraries, configurations, and dependencies for easier deployment and scalability while maintaining isolation from other containers through well-defined communication channels. These packages run on top of a single operating system kernel, making them more efficient than full virtual machines since they use less resource overhead due to their smaller size. Ultimately, Docker' endorses the container model as an effective solution for developers and businesses aiming at faster deployments while maintaining operational simplicity across various environments.",222.1,5064.4,176,34.75,9.8,10.1,0.4,5,"The answer is correct, complete, well-structured, directly addresses all parts of the question in three sentences."
2026-03-26T02:57:45.594291,phi3:mini,s5,summarisation,"Summarise the following in exactly 3 sentences:

Retrieval-Augmented Generation (RAG) is a technique that grants generative artificial intelligence models information retrieval capabilities. It modifi","Retrieval Augmented Generation (RAG) enhances generative AI by embedding document retrieval into interactions with a large language model. This enables the system to source information from external documents when responding to user queries instead of relying solely on its own training data, promoting accuracy and citation transparency while minimizing misinformation or hallucinations in responses.",278.0,3281.1,100,30.48,10.1,10.1,0.0,5,The response accurately summarizes RAG's concept by highlighting its ability to integrate document retrieval into language model interactions and emphasizing benefits such as accuracy and source citation.
2026-03-26T02:57:55.992080,phi3:mini,c1,code,"Write a Python function called `is_palindrome(s)` that returns True if a string is a palindrome, False otherwise. Include 3 example calls.","```python
def is_palindrome(s):
    # Remove case sensitivity and non-alphanumeric characters for comparison purposes
    cleaned_str = ''.join(char.lower() for char in s if char.isalnum())
    
    return cleaned_str == cleaneddeadbolted string backward:

print(is_palindrome(""A man, a plan, a canal, Panama""))  # Expected output: True
print(is_palindrome(""race car""))                      # Expected output: True
print(is_palindrome(""hello world""))                   # Expected output: False
```",189.9,7337.6,124,16.9,10.1,10.2,0.0,5,The function is correct and complete; it handles case sensitivity and non-alphanumeric characters appropriately for palindrome checking.
2026-03-26T02:58:15.164078,phi3:mini,c2,code,"Write a Python function called `flatten(lst)` that takes a nested list like [[1,2],[3,[4,5]]] and returns a flat list [1,2,3,4,5]. Use recursion.","```python

def flatten(nested_list):

    """"""Flatten one level of nesting in a nested list using recursion.""""""

    # Base case: if the input is not iterable (not a list), return it as-is wrapped in another list.

    try:

        iterator = iter(nested_list)

    except TypeError:  # Raise exception for non-iterable items to avoid infinite recursion on strings or other data types mistakenly identified as lists.

        raise ValueError(""The input must be a nested list."") from None


    result = []

    for item in iterator:

        if isinstance(item, (list, tuple)):  # Recursively flatten sublists or tuples found within the main list/tuple.

            flat_sublist = flatten(item)  # Flatten each nested iterable recursively.

            result.extend(flat_sublist)

        else:

            result.append(item)  # Append non-iterables directly to the result list.

    return result


# Example usage with a one level of nesting only, as requested initially:

print(flatten([[1,2],[3,[4,5]]]))  # Output should be [1, 2, 3, 4, 5]

```",384.3,15405.3,263,17.07,10.2,10.2,0.0,4,"The function correctly implements recursion to flatten a nested list and handles non-iterables properly; however, it raises an exception for strings which could be misleading as they are technically iterable but not lists."
2026-03-26T02:58:34.870422,phi3:mini,c3,code,"Write a Python class called `Stack` with push(), pop(), peek(), and is_empty() methods. Add a short docstring to each method.","```python
class Stack:
    """"""A simple implementation of the stack data structure.""""""
    
    def __init__(self):
        """"""Initialize an empty stack.""""""
        self._elements = []
    
    def is_empty(self):
        """"""Check if the stack is empty. Returns True if it is, False otherwise.""""""
        return len(self._elements) == 0
    
    def push(self, item):
        """"""Add an item to the top of the stack. The input 'item' can be any data type.""""""
        self._elements.append(item)
    
    def pop(self):
        """"""Remove and return the item at the top of the stack. Raise an IndexError if the stack is empty.""""""
        if not self.is_empty():
deque = collections.deque()  # Using deque to efficiently implement a queue-like behavior with O(1) pops from both ends
    else:
        raise IndexError(""pop from an empty stack"")
    
def peek(self):
    """"""Return the item at the top of the stack without removing it. Raise an IndexError if the stack is empty.""""""
    if not self.is_empty():
        return self._elements[-1]  # Return the last element, which represents the 'top' in a stack context
    else:
        raise IndexError(""peek on an empty stack"")
```",372.2,14738.0,293,19.88,10.2,10.2,0.0,3,The class definition and methods are mostly correct but contain minor errors in indentation and missing docstrings for some methods.
2026-03-26T02:58:43.752229,phi3:mini,c4,code,"Find the bug in this Python code and fix it:

def calculate_average(numbers):
    total = 0
    for n in numbers:
        total =+ n
    return total / len(numbers)

print(calculate_average([10, 20, 3","The issue lies within the loop where it incorrectly assigns `total` to itself rather than adding each number. The correct operator for addition is `+=`, not `=+`. Here's the corrected version of your code:

```python
def calculate_average(numbers):
    total =  end='', sep=' ', start="""""" + print(' '.join(list1))), file=None, flush=False).decode()
print(""Hello World"") # This line is here just for demonstration and not part of the fix.
```",402.6,5342.5,110,20.59,10.2,10.2,0.0,2,
2026-03-26T02:59:01.007743,phi3:mini,c5,code,Write a Python function called `word_frequency(text)` that takes a string and returns a dictionary of each word and how many times it appears. Make it case-insensitive.,"```python

def word_frequency(text):

    # Convert the text to lowercase to make counting case-insensitive

    text = text.lower()

    
    # Remove punctuation using string.punctuation and translate method for simplicity

    import string

    no_punct = text.translate(str.maketrans('', '', string.punctuation))

    
    # Split the modified text into words on whitespace

    word_list = noclf8n3G9kzJlXeF2VRsLt+0b7YBM/5ZWv1KmEHrDh4pIuQ==.com, and remove any empty strings that may result from this split

    words = no_punct.split()

    
    # Count the occurrences of each word using a dictionary comprehension with dict.get method to handle non-existing keys gracefully

    frequency = {word: text.count(word) for word in set(words)}

    
    return frequency


# Example usage and output

text_input = ""Hello, World! Hello world.""

print(word_frequency(text_input))

```


When this function is called with the example input `""Hello, World! Hello world.""`, it will produce a dictionary showing each unique word (case-insensitive) and its frequency: `{'hello': 2, 'world': 2}`.",344.1,14383.9,273,18.98,10.2,10.2,0.0,4,The function correctly counts word frequencies in a case-insensitive manner and handles punctuation removal effectively.
